name,battlecard
Clickup,"Key Strengths:
- Highly customizable and flexible workspace for managing projects, tasks, and workflows
- Offers a wide range of views (Board, Calendar, Gantt, etc.) for visualizing work
- Robust free plan for individuals and small teams
- Integrates with a variety of apps and tools (e.g., Google Drive, Dropbox, Zapier)

Key Weaknesses:
- User interface can be overwhelming for new users
- Limited reporting and analytics capabilities compared to enterprise project management tools
- Limited collaboration features for large teams or organizations
- Limited resource management and capacity planning features"
Asana,"Key Strengths:
- Simple and intuitive user interface
- Excellent collaboration features (comments, mentions, shared inboxes)
- Powerful workflow automation capabilities
- Robust mobile apps for on-the-go access
- Extensive integration options (e.g., Google Workspace, Microsoft Office, Salesforce)

Key Weaknesses:
- Limited customization options for views and layouts
- Basic reporting and analytics capabilities
- Limited support for complex project management methodologies (e.g., Agile, Waterfall)
- Fewer built-in templates and project management tools compared to some competitors"
Smartsheets,"Key Strengths:
- Powerful spreadsheet-based interface for managing projects and tasks
- Robust reporting and analytics capabilities
- Extensive customization options for views, forms, and dashboards
- Robust automation and workflow management features
- Integrates with a wide range of apps and tools (e.g., Microsoft Office, Salesforce, Jira)

Key Weaknesses:
- Steeper learning curve for users unfamiliar with spreadsheets
- Limited collaboration features compared to dedicated project management tools
- Limited support for Agile methodologies and Kanban boards
- Relatively expensive pricing for larger teams or organizations"