customerName,industry,businessImpact,imageLink,pdflink
Ogilvy,Marketing Agency,"#### Ogilvy Streamlines Project Management

Ogilvy, a renowned marketing agency, optimized its complex projects using Monday.com's advanced project management features. Key results:

- 25% increase in project delivery speed
- 40% reduction in missed deadlines
- Improved team alignment and collaboration

Monday.com's Gantt charts, dependencies, and automations helped Ogilvy stay organized and deliver projects on time, resulting in increased client satisfaction and business growth.",https://example.com/ogilvy_logo.png,https://example.com/ogilvy_case_study.pdf
Atlassian,Software Development,"#### Atlassian Boosts Productivity

Atlassian, a leading software development company, integrated its essential tools and apps using Monday.com's Apps Marketplace. Key outcomes:

- 20% improvement in team productivity
- 35% reduction in manual data entry
- Streamlined workflows and increased efficiency

By seamlessly connecting their favorite tools with Monday.com, Atlassian customized their experience and optimized their development processes, leading to faster delivery and happier clients.",https://example.com/atlassian_logo.png,https://example.com/atlassian_case_study.pdf
McKinsey & Company,Management Consulting,"#### McKinsey & Company Automates Success

McKinsey & Company, a global management consulting firm, leveraged Monday.com's automations to streamline repetitive tasks. Notable achievements:

- 10 hours saved per week on manual tasks
- 15% increase in team capacity
- Enhanced focus on high-value work

By creating custom workflows and automating processes, McKinsey & Company eliminated time-consuming tasks, allowing their team to concentrate on delivering superior results to their clients.",https://example.com/mckinsey_logo.png,https://example.com/mckinsey_case_study.pdf
Pentagram,Graphic Design,"#### Pentagram Enhances Efficiency

Pentagram, a world-renowned graphic design firm, utilized Monday.com's board filters to optimize information access and project focus. Key results:

- 30% reduction in time spent searching for information
- Improved project organization and clarity
- Increased team productivity and collaboration

With advanced filtering options and custom views, Pentagram's team could quickly find relevant data and stay focused on critical tasks, leading to faster project completion and exceptional designs.",https://example.com/pentagram_logo.png,https://example.com/pentagram_case_study.pdf
JPMorgan Chase,Financial Services,"#### JPMorgan Chase Secures Sensitive Data

JPMorgan Chase, a global financial services firm, leveraged Monday.com's board permissions to protect sensitive information. Key outcomes:

- Enhanced data security and access control
- Ensured compliance with industry regulations
- Improved collaboration without compromising confidentiality

By setting granular permissions and customizing access levels, JPMorgan Chase maintained strict control over sensitive data while fostering seamless teamwork, resulting in increased trust and efficiency.",https://example.com/jpmorgan_logo.png,https://example.com/jpmorgan_case_study.pdf