type,name,company,text
Email Exchange,"Sarah Godwin, Chief Technology Officer",ABC Logistics,"Subject: Streamline Your 3PL Operations with Monday.com

Dear Sarah,

I hope this email finds you well. My name is Michael, and I'm reaching out from Monday.com. I've been researching ABC Logistics and am impressed by your company's growth in the 3PL industry.

I understand that managing complex supply chain operations can be challenging, especially when it comes to keeping all the moving parts organized and ensuring timely deliveries. Monday.com offers a range of features specifically designed to help 3PL providers like yourself streamline processes and improve collaboration.

Our platform allows you to create custom workflows for each client, assign tasks, and track progress in real-time. You can also securely collaborate with external partners, like carriers and warehouses, while maintaining control over sensitive information.

I'd love to learn more about your current processes and discuss how Monday.com can help your team work more efficiently. Would you be open to a brief call to explore this further?

Best regards,
Michael
Monday.com

Re: Streamline Your 3PL Operations with Monday.com

Hi Michael,

Thank you for reaching out. Your email caught my attention, as we've been looking for ways to improve our operations and collaboration.

We face challenges in managing customer service inquiries and tracking SLAs across our various clients. It's been difficult to ensure consistent service levels and maintain efficient communication both internally and with our partners.

I'd be interested to learn more about how Monday.com can help us address these issues. Can you provide some more information on your platform's features and pricing?

Also, if you have any case studies or examples of how other 3PL companies have successfully implemented Monday.com, that would be really helpful.

Looking forward to hearing back from you.

Best,
Sarah
Director of Operations
ABC Logistics"
Call Transcript,"Mike Maron, Director of Operations",Apex Logistics,"Sales Rep: Good morning! Thank you for calling Monday.com. My name is Sarah, and I'm a sales representative. How may I assist you today?

Customer: Hi Sarah, this is Mike from Apex Logistics. We're a third-party logistics provider, and I'm interested in learning more about how Monday.com can help us streamline our operations.

Sales Rep: It's great to hear from you, Mike! I'd be happy to discuss how Monday.com can support your 3PL business. Can you tell me a bit more about your current processes and any challenges you're facing?

Customer: Sure. As a 3PL, we manage warehousing, inventory, and shipping for multiple clients across various industries. It's been a real challenge to keep everything organized and ensure timely and accurate order fulfillment. We're looking for a solution that can help us better manage our operations and improve collaboration among our team members and with our clients.

Sales Rep: I understand the complexities of managing a 3PL business. Monday.com offers a range of features that can help you streamline your processes and improve visibility across your operations. For instance, our platform allows you to create custom workflows for each client, track inventory levels, and manage shipping and delivery schedules. This can help you ensure accurate and timely order fulfillment.

Customer: That sounds promising. Another issue we face is managing multiple warehouses and keeping track of inventory across different locations. We need a way to centralize our data and get real-time updates on stock levels and order status. Can Monday.com help with that?

Sales Rep: Absolutely! Monday.com's platform is designed to provide a centralized view of your operations, no matter how many warehouses or locations you manage. You can create boards for each warehouse and use our inventory tracking features to monitor stock levels in real-time. Our platform also offers mobile apps, so your team can access and update information on the go, ensuring everyone has the most up-to-date data.

Customer: That's great to hear. We also struggle with managing customer service inquiries and tracking KPIs like on-time delivery and order accuracy. We need a better way to handle these requests and monitor our performance. Does Monday.com have any features to support this?

Sales Rep: Yes, Monday.com can definitely help you manage customer service inquiries and track KPIs. You can create dedicated boards to handle customer requests, assign tasks to team members, and monitor response times. Our platform also offers robust reporting and analytics features, allowing you to track key metrics like on-time delivery and order accuracy. You can create custom dashboards to visualize your performance and identify areas for improvement.

Customer: This all sounds like it could really benefit our operations. However, I do have some concerns about data security and integration with our existing systems. How does Monday.com ensure the security of our sensitive information, and can it integrate with our WMS and TMS software?

Sales Rep: Data security is a top priority at Monday.com. We employ industry-standard security measures, including encryption, secure data centers, and regular security audits. We also offer granular access controls, so you can determine who can view and edit specific information. As for integration, Monday.com has a flexible API and pre-built integrations with various WMS and TMS systems. We can work with your IT team to ensure seamless integration and data syncing between platforms.

Customer: That's reassuring to hear. One last question - what kind of support and training does Monday.com offer to help our team get up and running with the platform?

Sales Rep: At Monday.com, we're committed to ensuring your success with our platform. We offer a range of onboarding and training resources, including online tutorials, webinars, and a dedicated customer success team. Our customer success managers can work with you to develop a tailored onboarding plan, provide personalized training sessions, and offer ongoing support as you implement and use Monday.com. We also have an extensive knowledge base and community forum where you can find answers to common questions and connect with other users.

Customer: This has been really informative, Sarah. I think Monday.com could be a great fit for Apex Logistics. Can you send me some more information on pricing and implementation timelines? I'd like to discuss this with my team and see if we can move forward.

Sales Rep: Of course, Mike! I'll send over a detailed proposal outlining our pricing options and implementation process. I'll also include some case studies from other 3PL companies that have successfully implemented Monday.com. If you have any further questions or would like to schedule a demo for your team, just let me know. I'm here to help you optimize your operations with Monday.com.

Customer: Thanks, Sarah. I appreciate your help and look forward to reviewing the proposal with my team. I'll reach out if we have any additional questions or want to schedule a demo.

Sales Rep: You're welcome, Mike. I'm excited about the opportunity to work with Apex Logistics and help you streamline your 3PL operations. I'll send the proposal over right away and will be here if you need anything else. Have a great day!

Customer: Thanks again, Sarah. You've been very helpful. I look forward to speaking with you soon.

Sales Rep: It's my pleasure, Mike. I look forward to the opportunity to collaborate with Apex Logistics and help you achieve your operational goals with Monday.com. Feel free to reach out anytime if you have any questions or concerns. Have a wonderful day!"
Text Message Exchange,Alex Burns. Operations Manager,Green Thumb Gardens,"Sales Rep: Hi there! Welcome to Monday.com's live chat. My name is Emily, and I'm here to help you today. How can I assist you?

Customer: Hello Emily, I'm Alex, the Operations Manager at Green Thumb Gardens, a leading supplier of organic produce. We've been experiencing some challenges in our supply chain management, and I'm exploring project management tools to help streamline our processes. I came across Monday.com and wanted to learn more about how it could benefit our business.

Sales Rep: It's great to meet you, Alex! I'd be happy to help you explore how Monday.com can support your supply chain management needs. Can you tell me a bit more about the specific challenges you're facing?

Customer: Sure. As an organic produce supplier, we work with multiple farms, distributors, and retailers. Coordinating all these moving parts has been a struggle, especially when it comes to tracking orders, managing inventory, and ensuring timely deliveries. We need a solution that can help us keep everything organized and improve collaboration among our team members and external partners.

Sales Rep: I understand the complexities of managing a supply chain in the organic produce industry. Monday.com offers a range of features that can help you streamline your operations and improve collaboration. For instance, our platform allows you to create custom workflows tailored to your specific processes, assign tasks to team members, and track progress in real-time. This can help you stay on top of orders, inventory, and deliveries.

Customer: That sounds promising. Another challenge we face is maintaining transparency and traceability throughout our supply chain. We need to be able to track our products from farm to shelf and ensure compliance with organic certification requirements. Can Monday.com help with that?

Sales Rep: Absolutely! Monday.com's platform is highly customizable, allowing you to create boards and workflows that capture all the necessary information for tracking your products and ensuring compliance. You can create custom fields to record data like farm origins, organic certifications, and batch numbers. Additionally, our file-sharing and communication tools enable you to collaborate seamlessly with your partners and keep everyone informed.

Customer: That's great to hear. We also struggle with forecasting demand and planning our production accordingly. We need a way to analyze past sales data and make informed decisions about our inventory levels and production schedules. Does Monday.com have any features to support this?

Sales Rep: Yes, Monday.com can definitely help with demand forecasting and production planning. Our platform integrates with various data sources, allowing you to import your sales data and create visual dashboards to analyze trends and patterns. You can use this information to create production schedules and adjust inventory levels based on predicted demand. Our platform also offers a range of templates specifically designed for production planning and inventory management.

Customer: This all sounds like it could really benefit our operations. However, I do have some concerns about data security and user adoption. How does Monday.com ensure the security of our sensitive information, and what kind of support do you offer for onboarding and training our team?

Sales Rep: Data security is a top priority at Monday.com. We employ industry-standard security measures, including encryption, two-factor authentication, and regular security audits. We also offer granular access controls, allowing you to determine who can view and edit specific information. As for user adoption, we provide a range of resources to help your team get up and running quickly. This includes online tutorials, webinars, and a dedicated customer success team that can provide personalized training and support.

Customer: That's reassuring to hear. One last question - can Monday.com integrate with our existing systems, such as our ERP and CRM software? We don't want to have to duplicate data entry or manage multiple platforms.

Sales Rep: Yes, Monday.com offers a wide range of integrations with popular business tools, including ERP and CRM systems. Our platform has a flexible API that allows you to connect and sync data between systems, eliminating the need for manual data entry. We also have pre-built integrations with tools like Salesforce, NetSuite, and QuickBooks, making it easy to get started.

Customer: This has been really helpful, Emily. I think Monday.com could be a great fit for Green Thumb Gardens. Can you send me some more information on pricing and implementation timelines? I'd like to discuss this with my team and see if we can move forward.

Sales Rep: Of course, Alex! I'll send over a detailed proposal outlining our pricing options and implementation process. I'll also include some case studies from other companies in the organic produce industry that have successfully implemented Monday.com. If you have any further questions or would like to schedule a demo for your team, just let me know. I'm here to help you optimize your supply chain management with Monday.com.

Customer: Thanks, Emily. I appreciate your help and look forward to reviewing the proposal with my team. I'll reach out if we have any additional questions or want to schedule a demo.

Sales Rep: You're welcome, Alex. I'm excited about the opportunity to work with Green Thumb Gardens and help you streamline your operations. I'll send the proposal over right away and will be here if you need anything else. Have a great day!"