label,text
"How does advanced project management streamline complex projects?","How does the advanced project management feature in Monday.com help streamline complex projects?"
"How does the Apps Marketplace enhance productivity and efficiency?","Can you explain how the Apps Marketplace in Monday.com enhances productivity and workflow efficiency?"
"What repetitive tasks can be automated?","What are some examples of repetitive tasks that can be automated using Monday.com's automations feature?"
"How do board filters help users focus?","How do board filters in Monday.com help users find relevant information and focus on specific tasks or projects?"
"How granular are board permissions?","How granular are the permission settings in Monday.com, and how does this help in controlling access to sensitive information?"
"What chart types are available for data visualization?","What types of charts are available in Monday.com, and how can they help teams make data-driven decisions?"
"How does guest collaboration enable secure external collaboration?","How does Monday.com's guest collaboration feature enable secure collaboration with external partners and clients?"
"How do connected boards maintain consistency?","How does the ability to connect boards and mirror columns in Monday.com help maintain consistency and reduce errors?"
"What are the content calendar features?","What features does Monday.com's content calendar template offer for planning, managing, and collaborating on content production?"
"How does deadline mode ensure timely delivery?","How does the deadline mode in Monday.com help teams stay on track and ensure timely project delivery?"