painPointId,customerPainPoint,featureName,valueProposition,pdfFile,videoFile,webURL,customerName
1,"Struggling to keep complex projects with multiple stakeholders organized, on track, and delivered on time",Advanced Project Management,"Advanced project management features in Monday.com help streamline complex projects by providing tools for task assignment, deadline tracking, and progress monitoring. With features like Gantt charts, dependencies, and automations, teams can stay aligned and ensure successful project delivery.",advanced project management - monday.com tutorials.jpg,advanced project management - monday.com tutorials.mp4,https://source.unsplash.com/random/80x80,Blue Sky Solutions
2,"Difficulty integrating essential third-party tools and apps, leading to inefficient workflows and reduced productivity",Apps Marketplace,"The Monday.com Apps Marketplace allows users to seamlessly integrate their favorite third-party tools and apps, enhancing productivity and streamlining workflows. With a wide range of apps available, teams can customize their experience and work more efficiently.",apps marketplace - monday.com tutorials.jpg,apps marketplace - monday.com tutorials.mp4,https://source.unsplash.com/random/80x80,
3,Wasting time on repetitive tasks and manual workflows that could be automated,Automations,"Monday.com's automations feature enables users to create custom workflows that automate repetitive tasks, saving time and reducing manual effort. By setting up triggers and actions, teams can streamline processes and focus on high-value work.",automations - monday.com tutorials.jpg,automations - monday.com tutorials.mp4,https://source.unsplash.com/random/80x80,Green Meadow Consulting
4,Struggling to find relevant information and focus on specific tasks due to cluttered and unorganized boards,Board Filters,"Board filters in Monday.com allow users to quickly filter and organize data on their boards, making it easier to find relevant information and focus on specific tasks or projects. With advanced filtering options, teams can create custom views tailored to their needs.",board filters - monday.com tutorials.jpg,board filters - monday.com tutorials.mp4,https://source.unsplash.com/random/80x80,Green Meadow Consulting
5,Concerns about sensitive information being accessible to unauthorized users and maintaining control over board content,Board Permissions,"Monday.com's board permissions feature enables administrators to control access and visibility of board content, ensuring that sensitive information is protected and team members only see what's relevant to their work. With granular permission settings, teams can collaborate securely.",board permissions - monday.com tutorials.jpg,board permissions - monday.com tutorials.mp4,https://source.unsplash.com/random/80x80,
6,Difficulty tracking key metrics and making data-driven decisions due to lack of visual insights,Charts,"The charts feature in Monday.com allows users to visualize data and track key metrics, providing valuable insights into project progress, team performance, and more. With customizable chart types and real-time updates, teams can make data-driven decisions and stay on top of their goals.",charts - monday.com tutorials.jpg,charts - monday.com tutorials.mp4,https://source.unsplash.com/random/80x80,Blue Sky Solutions
7,Challenges in securely collaborating with external partners and clients without compromising sensitive information,Collaborate with Guests,"Monday.com's guest collaboration feature enables teams to securely invite external partners and clients to work together on specific boards or projects. By setting custom permissions and access levels, teams can maintain control over sensitive information while fostering seamless collaboration.",collaborate with guests - monday.com tutorials.jpg,collaborate with guests - monday.com tutorials.mp4,https://source.unsplash.com/random/80x80,
8,"Inconsistent and outdated information across related boards, leading to confusion and errors",Connect Boards & Mirror Columns,"The ability to connect boards and mirror columns in Monday.com allows users to establish relationships between related boards and sync data across them. This feature ensures that information stays up-to-date and consistent, reducing manual data entry and minimizing errors.",connect boards & mirror columns - monday.com tutorials.jpg,connect boards & mirror columns - monday.com tutorials.mp4,https://source.unsplash.com/random/80x80,Onyx Financial
9,"Difficulty planning, managing, and collaborating on content production to ensure a steady flow of high-quality content",Content Calendar,"Monday.com's content calendar template helps teams plan, manage, and collaborate on content production. With features like task assignment, due dates, and status tracking, teams can ensure a steady flow of high-quality content and stay aligned with their content strategy.",content calendar - monday.com tutorials.jpg,content calendar - monday.com tutorials.mp4,https://source.unsplash.com/random/80x80,
10,Risk of missing project deadlines and milestones due to lack of visibility and proactive management,Deadline Mode,"Deadline mode in Monday.com provides a focused view of upcoming project deadlines and milestones, helping teams stay on track and ensure timely delivery. With visual indicators and customizable alerts, teams can proactively manage their schedules and avoid last-minute rushes.",deadline mode - monday.com tutorials.jpg,deadline mode - monday.com tutorials.mp4,https://source.unsplash.com/random/80x80,Green Meadow Consulting
11,"Challenges in storing, organizing, and collaborating on creative files and digital assets across teams",Digital Asset Management (DAM),"Monday.com's digital asset management (DAM) solution enables teams to store, organize, and collaborate on creative files and digital assets. With features like file versioning, annotations, and permissions, teams can streamline their creative workflows and ensure brand consistency.",digital asset management (dam) - monday.com tutorials.jpg,digital asset management (dam) - monday.com tutorials.mp4,https://source.unsplash.com/random/80x80,
12,Difficulty managing email campaigns and tracking performance across disparate systems,Email Marketing,"The email marketing integration in Monday.com allows users to connect their boards with popular email marketing platforms, enabling them to manage campaigns, track performance, and automate workflows. By syncing data between systems, teams can optimize their email marketing efforts and drive better results.",email marketing - monday.com tutorials.jpg,email marketing - monday.com tutorials.mp4,https://source.unsplash.com/random/80x80,Onyx Financial
13,"Challenges in planning, executing, and measuring the success of marketing campaigns across multiple channels",Manage Marketing Campaigns,"Monday.com's marketing campaign management template helps teams plan, execute, and track marketing initiatives. With features like task assignment, budget tracking, and performance metrics, teams can ensure campaign success and measure ROI.",manage marketing campaigns - monday.com tutorials.jpg,manage marketing campaigns - monday.com tutorials.mp4,https://source.unsplash.com/random/80x80,Acme Inc.
14,"Inefficient document creation and collaboration processes, leading to version control issues and wasted time",Monday Workdocs,"Monday Workdocs allows users to create, edit, and collaborate on documents directly within the Monday.com platform. With features like real-time co-editing, version history, and embedded documents, teams can streamline their document workflows and keep all their work in one place.",monday workdocs - monday.com tutorials.jpg,monday workdocs - monday.com tutorials.mp4,https://source.unsplash.com/random/80x80,Acme Inc.
15,Difficulty staying organized and focused on individual tasks and projects across multiple boards,My Work,"The My Work view in Monday.com provides users with a personalized dashboard of their assigned tasks and projects across all boards. With the ability to prioritize tasks, update statuses, and communicate with team members, individuals can stay organized and focused on their work.",my work - monday.com tutorials.jpg,my work - monday.com tutorials.mp4,https://source.unsplash.com/random/80x80,Crimson Creative
16,Ineffective resource allocation and risk of team burnout due to lack of visibility into workload and capacity,Resource Management with Workload,"Monday.com's resource management and workload view helps teams allocate resources effectively and prevent burnout. By visualizing team member capacity and availability, managers can make informed decisions about task assignment and ensure a balanced distribution of work.",resource management with workload - monday.com tutorials.jpg,resource management with workload - monday.com tutorials.mp4,https://source.unsplash.com/random/80x80,Crimson Creative
17,Missing important updates and struggling to collaborate effectively due to inadequate notification systems,Notifications Explained,"Monday.com's notifications feature keeps team members informed about important updates and changes to their work. With customizable notification settings and automated alerts, users can stay on top of their tasks and collaborate effectively with their team.",notifications explained - monday.com tutorials.jpg,notifications explained - monday.com tutorials.mp4,https://source.unsplash.com/random/80x80,
18,"Difficulty planning, organizing, and executing successful marketing events while staying within budget",Managing Marketing Events,"The marketing event management template in Monday.com helps teams plan, organize, and execute successful events. With features like task assignment, vendor management, and budget tracking, teams can ensure flawless event execution and maximize ROI.",managing marketing events - monday.com tutorials.jpg,managing marketing events - monday.com tutorials.mp4,https://source.unsplash.com/random/80x80,
19,"Challenges in visualizing project timelines, tracking progress, and managing dependencies for successful delivery",The Gantt Chart,"Monday.com's Gantt chart feature enables users to visualize project timelines, track progress, and manage dependencies. With the ability to set milestones, adjust task durations, and identify critical paths, teams can optimize their project plans and ensure successful delivery.",the gantt chart - monday.com tutorials.jpg,the gantt chart - monday.com tutorials.mp4,https://source.unsplash.com/random/80x80,Crimson Creative